73.185,92.38,0.2,212.7574772531874,2.0,-32.7574772531874
73.185,92.38,0.2,51.613138805683974,0.0,-18.85566155249657
73.622,92.126,0.2,0.0,3.0,-38.386861194316
74.093,91.943,0.2,329.83331690356204,3.0,30.166683096437964
74.588,91.837,0.2,338.767107704581,3.0,-8.933790801018972
75.24,91.801,0.2,347.9131479697804,3.0,-9.146040265199417
89.339,91.8,0.2,356.8396383739542,3.0,-8.926490404173762
90.04,91.81,0.2,359.99593618133076,3.0,-3.156297807376575
90.58,91.864,0.2,0.8172880660185844,3.0,-0.8213518846878287
91.199,91.989,0.2,5.7105931374999415,3.0,-4.89330507148135
92.334,92.242,0.2,11.416694672531806,3.0,-5.706101535031879
93.8,92.557,0.2,12.56621750297649,3.0,-1.149522830444658
94.616,92.727,0.2,12.12678228929748,3.0,0.43943521367900473
96.103,93.023,0.2,11.768288932020726,3.0,0.3584933572767408
96.922,93.179,0.2,11.258054276246302,3.0,0.5102346557744077
98.472,93.461,0.2,10.784297867562964,3.0,0.47375640868333413
99.391,93.622,0.2,10.311352177777717,3.0,0.4729456897852238
100.783,93.854,0.2,9.936831471548016,3.0,0.37452070622971867
101.6,93.984,0.2,9.462322208025617,3.0,0.47450926352241574
103.249,94.231,0.2,9.041037303856784,3.0,0.4212849041688411
104.091,94.35,0.2,8.518871821186503,3.0,0.5221654826702942
105.604,94.552,0.2,8.044344557624758,3.0,0.47452726356175035
106.432,94.656,0.2,7.604565145108678,3.0,0.4397794125160761
107.837,94.824,0.2,7.159080423076733,3.0,0.44548472203193246
108.66,94.915,0.2,6.8186515837294674,3.0,0.34042883934724877
110.347,95.088,0.2,6.309625848829864,3.0,0.5090257348996268
111.189,95.167,0.2,5.855151800371638,3.0,0.4544740484582155
112.669,95.294,0.2,5.360040912721411,3.0,0.4951108876502186
113.55,95.363,0.2,4.904582553568885,3.0,0.45545835915250255
115.021,95.467,0.2,4.478268962264566,3.0,0.42631359130433477
115.874,95.521,0.2,4.044094094583145,3.0,0.43417486768141966
117.407,95.607,0.2,3.622331560754788,3.0,0.4217625338283706
118.192,95.644,0.2,3.2108791302893134,3.0,0.4114524304654741
119.834,95.709,0.2,2.6985682145650602,3.0,0.5123109157242394
120.618,95.733,0.2,2.2669197058704578,3.0,0.43164850869459936
122.176,95.769,0.2,1.7534048600716245,3.0,0.5135148457988394
123.088,95.783,0.2,1.3236720724154074,3.0,0.4297327876562045
124.599,95.795,0.2,0.8794713970105469,3.0,0.44420067540488695
125.401,95.795,0.2,0.4550197880658741,3.0,0.42445160894467354
126.912,95.783,0.2,0.0,3.0,0.45501978806589705
127.824,95.769,0.2,359.5449802119341,3.0,0.45501978806589705
129.382,95.733,0.2,359.12052860298945,3.0,0.4244516089446506
130.166,95.708,0.2,358.67632792758457,3.0,0.44420067540488617
131.808,95.645,0.2,358.17358509723795,3.0,0.5027428303466195
132.593,95.607,0.2,357.80276221988265,3.0,0.3708228773552946
134.126,95.521,0.2,357.2286097238827,3.0,0.5741524959999538
134.979,95.467,0.2,356.7891208697107,3.0,0.4394888541719979
136.45,95.363,0.2,356.37766843924527,3.0,0.411452430465431
137.331,95.294,0.2,355.9559059054167,3.0,0.42176253382854156
138.811,95.167,0.2,355.5217310377355,3.0,0.4341748676812358
139.653,95.088,0.2,355.09541744643116,3.0,0.42631359130433566
141.34,94.915,0.2,354.6399590872785,3.0,0.455458359152658
142.163,94.823,0.2,354.14484819962837,3.0,0.495110887650128
143.568,94.656,0.2,353.621605979771,3.0,0.5232422198573659
144.396,94.552,0.2,353.22155685788766,3.0,0.40004912188334174
145.909,94.35,0.2,352.840919576923,3.0,0.3806372809646632
146.751,94.232,0.2,352.39543485489133,3.0,0.4454847220316651
148.4,93.984,0.2,352.022381063657,3.0,0.3730537912343266
149.217,93.854,0.2,351.44714789091825,3.0,0.5752331727387627
150.609,93.621,0.2,350.9589626961434,3.0,0.48818519477487143
151.528,93.462,0.2,350.4976341552699,3.0,0.46132854087346686
153.068,93.181,0.2,350.18419165767926,3.0,0.3134424975906427
153.895,93.023,0.2,349.6591431614671,3.0,0.5250484962121504
155.384,92.726,0.2,349.18386937860777,3.0,0.47527378285934674
156.2,92.558,0.2,348.71967009607266,3.0,0.46419928253510534
157.665,92.242,0.2,348.3663660010601,3.0,0.353304095012561
158.623,92.028,0.2,347.82780902447627,3.0,0.5385569765838341
159.368,91.875,0.2,347.4078820630095,3.0,0.41992696146678554
159.889,91.812,0.2,348.39457876093456,3.0,-0.9866966979250833
160.516,91.8,0.2,353.10519471472253,3.0,-4.710615953787965
174.339,91.8,0.2,358.90356391600693,3.0,-5.798369201284402
175.037,91.81,0.2,0.0,3.0,-1.0964360839930691
175.54,91.857,0.2,0.8208002858953318,3.0,-0.8208002858953318
176.03,91.983,0.2,5.338181457924897,3.0,-4.517381172029538
176.494,92.185,0.2,14.42077312751125,3.0,-9.082591669586332
176.92,92.457,0.2,23.525651608150945,3.0,-9.104878480639677
177.298,92.792,0.2,32.55813574386153,3.0,-9.032484135710575
177.618,93.183,0.2,41.54875445672271,3.0,-8.990618712861213
177.873,93.62,0.2,50.7026143352248,3.0,-9.15385987850211
178.056,94.091,0.2,59.735411495010446,3.0,-9.032797159785666
178.163,94.585,0.2,68.7671077045789,3.0,-9.031696209568452
178.199,95.24,0.2,77.7785701333542,3.0,-9.011462428775289
178.2,114.304,0.2,86.85408417150649,3.0,-9.075514038152278
178.191,115.031,0.2,89.99699455626002,3.0,-3.1429103847535345
178.145,115.534,0.2,90.70926502799341,3.0,-0.7122704717334045
178.02,116.024,0.2,95.22523860875059,3.0,-4.515973580757176
177.819,116.488,0.2,104.31104126260657,3.0,-9.085802653855964
177.548,116.915,0.2,113.42176172797187,3.0,-9.11072046536529
177.213,117.294,0.2,122.40167970194582,3.0,-8.979917973973926
176.823,117.615,0.2,131.47362705244657,3.0,-9.071947350500778
176.387,117.871,0.2,140.54299208750328,3.0,-9.069365035056734
175.916,118.054,0.2,149.58042039720416,3.0,-9.037428309700857
175.422,118.162,0.2,158.76710770458098,3.0,-9.186687307376786
174.76,118.199,0.2,167.66783083073332,3.0,-8.900723126152315
160.661,118.2,0.2,176.8009961907282,3.0,-9.133165359994848
159.962,118.19,0.2,179.99593618133076,3.0,-3.1949399906025064
159.428,118.137,0.2,180.81962619686485,3.0,-0.8236900155340834
158.801,118.011,0.2,185.6680967392005,3.0,-4.848470542335633
157.666,117.758,0.2,191.36264246790208,3.0,-5.694545728701513
156.195,117.441,0.2,192.56621750297663,3.0,-1.2035750350745218
155.399,117.276,0.2,192.16124089436852,3.0,0.40497660860813767
153.898,116.977,0.2,191.7107890471517,3.0,0.4504518472168684
153.065,116.818,0.2,191.26588139645168,3.0,0.44490765070003135
151.476,116.529,0.2,190.80642100930606,3.0,0.4594603871456684
150.587,116.375,0.2,190.30801951963028,3.0,0.49840148967578557
149.194,116.142,0.2,189.82772401116276,3.0,0.48029550846754887
148.4,116.016,0.2,189.49566860136989,3.0,0.3320554097929005
146.751,115.768,0.2,189.0170878937468,3.0,0.4785807076230526
145.935,115.653,0.2,188.55285210908173,3.0,0.46423578466502136
144.398,115.448,0.2,188.02194158086277,3.0,0.5309105282189819
143.567,115.344,0.2,187.59708512352384,3.0,0.42485645733890465
142.162,115.176,0.2,187.13350209817523,3.0,0.46358302534858353
141.339,115.085,0.2,186.81865158372946,3.0,0.3148505144457374
139.652,114.912,0.2,186.30962584882974,3.0,0.5090257348996943
138.81,114.833,0.2,185.8551518003716,3.0,0.45447404845808137
137.331,114.706,0.2,185.3600409127215,3.0,0.49511088765007116
136.45,114.637,0.2,184.90788250925695,3.0,0.4521584034645514
134.978,114.533,0.2,184.47826896226454,3.0,0.42961354699244225
134.125,114.479,0.2,184.0413558544315,3.0,0.43691310783307813
132.592,114.393,0.2,183.62233156075473,3.0,0.41902429367672767
131.807,114.356,0.2,183.21087913028933,3.0,0.41145243046534574
130.165,114.291,0.2,182.69856821456497,3.0,0.5123109157243277
129.382,114.267,0.2,182.26691970587046,3.0,0.43164850869447946
127.825,114.231,0.2,181.75564280161854,3.0,0.511276904251929
126.912,114.217,0.2,181.32452191229123,3.0,0.43112088932724646
125.401,114.205,0.2,180.87850827161355,3.0,0.44601364067762006
124.599,114.205,0.2,180.45501978806587,3.0,0.4234884835476862
123.088,114.217,0.2,180.0,3.0,0.45501978806589705
122.176,114.231,0.2,179.5449802119341,3.0,0.45501978806589705
120.618,114.267,0.2,179.12052860298945,3.0,0.4244516089446506
119.835,114.292,0.2,178.6763279275846,3.0,0.44420067540485775
118.192,114.355,0.2,178.17125409401578,3.0,0.5050738335687868
117.407,114.393,0.2,177.80409824309285,3.0,0.36715585092295555
115.874,114.479,0.2,177.22860972388264,3.0,0.5754885192102392
115.021,114.533,0.2,176.78912086971067,3.0,0.4394888541719695
113.55,114.637,0.2,176.3776684392452,3.0,0.41145243046548785
112.669,114.706,0.2,175.95590590541687,3.0,0.4217625338283426
111.19,114.833,0.2,175.52173103773546,3.0,0.43417486768143476
110.347,114.912,0.2,175.092117490743,3.0,0.42961354699244225
108.66,115.085,0.2,174.64628041334126,3.0,0.44583707740176237
107.837,115.177,0.2,174.14484819962837,3.0,0.501432213712917
106.432,115.344,0.2,173.62160597977086,3.0,0.5232422198574511
105.602,115.448,0.2,173.22155685788766,3.0,0.4000491218831712
104.066,115.653,0.2,172.8579920206613,3.0,0.3635648372263631
103.277,115.765,0.2,172.39802668097732,3.0,0.45996533968397557
101.572,116.02,0.2,171.9207368334898,3.0,0.4772898474874978
100.806,116.143,0.2,171.49388480277736,3.0,0.4268520307124959
99.413,116.375,0.2,170.87763604584293,3.0,0.6162487569343682
98.524,116.529,0.2,170.54434784776652,3.0,0.33328819807638865
96.936,116.818,0.2,170.17227598883707,3.0,0.37207185892944494
96.104,116.977,0.2,169.68562857628788,3.0,0.4866474125492175
94.601,117.276,0.2,169.18089688077376,3.0,0.5047316955140957
93.805,117.441,0.2,168.74872712106017,3.0,0.43216975971355964
92.335,117.758,0.2,168.28921095284826,3.0,0.45951616821187713
91.377,117.972,0.2,167.83073263911874,3.0,0.4584783137295574
90.632,118.125,0.2,167.40788206300942,3.0,0.4228505761093402
90.111,118.188,0.2,168.3945787609344,3.0,-0.9866966979249696
89.484,118.2,0.2,173.10519471472233,3.0,-4.710615953787993
75.661,118.2,0.2,178.90356391600696,3.0,-5.7983692012846575
74.963,118.19,0.2,180.0,3.0,-1.0964360839930123
74.46,118.143,0.2,180.82080028589533,3.0,-0.8208002858953307
73.97,118.017,0.2,185.33818145792475,3.0,-4.517381172029445
73.506,117.815,0.2,194.42077312751164,3.0,-9.08259166958689
73.08,117.543,0.2,203.52565160815092,3.0,-9.104878480639258
72.702,117.208,0.2,212.55813574386067,3.0,-9.032484135709723
72.382,116.817,0.2,221.54875445672377,3.0,-8.990618712863068
72.127,116.38,0.2,230.70261433522478,3.0,-9.153859878500953
71.944,115.909,0.2,239.7354114950091,3.0,-9.032797159784309
71.837,115.415,0.2,248.7671077045819,3.0,-9.0316962095728
71.801,114.745,0.2,257.7785701333542,3.0,-9.01146242877229
71.8,95.626,0.2,266.92437835892065,3.0,-9.145808225566498
71.81,94.961,0.2,269.9970032020785,3.0,-3.0726248431578256
71.858,94.458,0.2,270.8615257345677,3.0,-0.8645225324891612
71.984,93.968,0.2,275.4510827165936,3.0,-4.58955698202584
72.186,93.504,0.2,284.42077312751013,3.0,-8.969690410916485
72.458,93.078,0.2,293.52565160815243,3.0,-9.104878480642355
72.794,92.701,0.2,302.5581357438607,3.0,-9.032484135708273
73.185,92.38,0.2,311.70891607915587,3.0,-9.150780335295167
73.185,92.38,0.2,320.6149674468512,3.0,-8.90605136769534
75.614,94.335,0.2,0.0,3.0,-39.38503255314879
75.614,95.614,0.2,38.82912661876757,3.0,-38.82912661876757
157.771,113.785,0.2,90.0,0.0,38.82912661876753
157.75,113.882,0.2,12.471567711536238,3.0,-12.471567711536238
157.75,113.882,0.2,102.21571913412227,0.0,0.25584857741397116
155.357,113.388,0.2,0.0,3.0,12.215719134122196
152.956,112.929,0.2,191.66403142686053,1.0,-11.664031426860532
150.548,112.51,0.2,190.82267266870122,1.0,0.8413587581593447
148.134,112.127,0.2,189.87082760373687,1.0,0.9518450649643455
145.714,111.784,0.2,189.01528006406184,1.0,0.8555475396750296
143.289,111.478,0.2,188.0671144832888,1.0,0.9481655807730078
140.859,111.21,0.2,187.19188950075457,1.0,0.8752249825342631
138.427,110.98,0.2,186.2936056132889,1.0,0.8982838874656522
135.989,110.788,0.2,185.40252918576786,1.0,0.8910764275210852
133.55,110.635,0.2,184.50292512375538,1.0,0.8996040620125143
131.109,110.519,0.2,183.58949674083797,1.0,0.9134283829174308
128.666,110.443,0.2,182.72073497941216,1.0,0.8687617614257874
126.222,110.405,0.2,181.78185645537482,1.0,0.9388785240372783
123.778,110.405,0.2,180.89077913191443,1.0,0.8910773234604221
121.334,110.443,0.2,180.0,1.0,0.890779131914428
118.891,110.519,0.2,179.10922086808554,1.0,0.8907791319144565
116.45,110.635,0.2,178.21814354462515,1.0,0.8910773234604221
114.011,110.788,0.2,177.27926502058781,1.0,0.9388785240373352
111.573,110.98,0.2,176.41050325916203,1.0,0.868761761425759
109.141,111.21,0.2,175.49707487624468,1.0,0.9134283829173739
106.711,111.478,0.2,174.59747081423208,1.0,0.899604062012628
104.286,111.784,0.2,173.70639438671117,1.0,0.8910764275209431
101.866,112.127,0.2,172.8081104992454,1.0,0.8982838874657659
99.452,112.51,0.2,171.93288551671128,1.0,0.8752249825341778
97.044,112.929,0.2,170.9847199359381,1.0,0.9481655807731784
94.643,113.388,0.2,170.12917239626321,1.0,0.8555475396748591
92.25,113.882,0.2,169.17732733129873,1.0,0.951845064964516
89.936,114.4,0.2,168.33596857313947,1.0,0.8413587581593163
75.6,114.4,0.2,167.38208539610534,1.0,0.9538831770341005
75.6,95.6,0.2,180.0,1.0,-12.617914603894633
89.936,95.6,0.2,270.0,2.0,2.2737367544323206e-13
92.25,96.118,0.2,0.0,3.0,-2.2737367544323206e-13
94.643,96.612,0.2,12.617914603894647,3.0,-12.617914603894647
97.044,97.071,0.2,11.664031426860555,3.0,0.9538831770340774
99.452,97.49,0.2,10.822672668701282,3.0,0.841358758159279
101.866,97.873,0.2,9.870827603736801,3.0,0.9518450649645285
104.286,98.216,0.2,9.01528006406189,3.0,0.8555475396748662
106.711,98.522,0.2,8.067114483288744,3.0,0.9481655807731819
109.141,98.79,0.2,7.1918895007546295,3.0,0.8752249825340899
111.573,99.02,0.2,6.2936056132888245,3.0,0.8982838874658308
114.011,99.212,0.2,5.402529185767927,3.0,0.8910764275209058
116.45,99.365,0.2,4.5029251237553645,3.0,0.899604062012525
118.891,99.481,0.2,3.5894967408379816,3.0,0.9134283829174219
121.334,99.557,0.2,2.7207349794122013,3.0,0.868761761425743
123.778,99.595,0.2,1.7818564553748524,3.0,0.9388785240373614
126.222,99.595,0.2,0.8907791319144442,3.0,0.8910773234604059
128.666,99.557,0.2,0.0,3.0,0.890779131914428
131.109,99.481,0.2,359.1092208680856,3.0,0.890779131914428
133.55,99.365,0.2,358.21814354462515,3.0,0.8910773234604221
135.989,99.212,0.2,357.2792650205878,3.0,0.9388785240373636
138.427,99.02,0.2,356.41050325916194,3.0,0.8687617614258443
140.859,98.79,0.2,355.49707487624465,3.0,0.9134283829172887
143.289,98.522,0.2,354.5974708142321,3.0,0.8996040620124859
145.714,98.216,0.2,353.70639438671105,3.0,0.8910764275210568
148.134,97.873,0.2,352.80811049924546,3.0,0.8982838874655954
150.548,97.49,0.2,351.93288551671117,3.0,0.8752249825342915
152.956,97.071,0.2,350.9847199359382,3.0,0.9481655807729794
155.357,96.612,0.2,350.1291723962632,3.0,0.8555475396750012
157.75,96.118,0.2,349.1773273312988,3.0,0.9518450649643455
160.064,95.6,0.2,348.33596857313944,3.0,0.8413587581593447
174.4,95.6,0.2,347.38208539610537,3.0,0.9538831770340721
174.4,114.4,0.2,0.0,3.0,-12.617914603894633
160.064,114.4,0.2,90.0,0.0,0.0
157.75,113.882,0.2,180.0,1.0,0.0
157.666,114.273,0.2,192.61791460389466,1.0,-12.617914603894661
155.279,113.78,0.2,102.12477582008158,0.0,0.4931387838130519
152.884,113.323,0.2,191.66952469516653,1.0,0.4552511249150655
150.482,112.905,0.2,190.80298497722998,1.0,0.8665397179365186
148.075,112.523,0.2,189.87184676661644,1.0,0.9311382106134829
145.661,112.18,0.2,189.01784821522463,1.0,0.853998551391868
143.242,111.875,0.2,188.08690039414697,1.0,0.9309478210776376
140.818,111.608,0.2,187.18622665118752,1.0,0.9006737429594125
138.392,111.379,0.2,186.2857058967463,1.0,0.9005207544412599
135.961,111.187,0.2,185.39240350512418,1.0,0.893302391622143
133.528,111.034,0.2,184.51583762359388,1.0,0.8765658815303254
131.093,110.919,0.2,183.59832553823483,1.0,0.9175120853589931
128.657,110.843,0.2,182.70395166645105,1.0,0.8943738717837562
126.219,110.805,0.2,181.78697341752144,1.0,0.9169782489296381
123.781,110.805,0.2,180.89297101477362,1.0,0.8940024027478728
121.343,110.843,0.2,180.0,1.0,0.8929710147735932
118.907,110.919,0.2,179.10702898522635,1.0,0.89297101477365
116.472,111.034,0.2,178.21302658247862,1.0,0.8940024027477875
114.039,111.187,0.2,177.29604833354892,1.0,0.9169782489296949
111.608,111.379,0.2,176.4016744617651,1.0,0.894373871783813
109.182,111.608,0.2,175.48416237640612,1.0,0.9175120853589647
106.758,111.875,0.2,174.6075964948758,1.0,0.8765658815303823
104.339,112.18,0.2,173.71429410325376,1.0,0.8933023916220293
101.925,112.523,0.2,172.8137733488124,1.0,0.900520754441402
99.518,112.905,0.2,171.91309960585306,1.0,0.9006737429593841
97.116,113.323,0.2,170.98215178477528,1.0,0.9309478210777797
94.721,113.78,0.2,170.12815323338364,1.0,0.8539985513916406
92.334,114.273,0.2,169.19701502277,1.0,0.931138210613625
89.978,114.8,0.2,168.33047530483347,1.0,0.8665397179364902
75.2,114.8,0.2,167.39139320663378,1.0,0.9390820981997194
75.2,95.2,0.2,180.0,1.0,-12.60860679336622
89.978,95.2,0.2,270.0,2.0,2.2737367544323206e-13
92.334,95.727,0.2,0.0,3.0,-2.2737367544323206e-13
94.721,96.22,0.2,12.608606793366215,3.0,-12.608606793366215
97.116,96.677,0.2,11.669524695166556,3.0,0.9390820981996644
99.518,97.095,0.2,10.802984977230029,3.0,0.8665397179364724
101.925,97.477,0.2,9.871846766616372,3.0,0.9311382106136676
104.339,97.82,0.2,9.017848215224694,3.0,0.8539985513916921
106.758,98.125,0.2,8.086900394146921,3.0,0.9309478210777957
109.182,98.392,0.2,7.186226651187604,3.0,0.9006737429593334
111.608,98.621,0.2,6.285705896746248,3.0,0.9005207544413052
114.039,98.813,0.2,5.392403505124225,3.0,0.8933023916219831
116.472,98.966,0.2,4.515837623593876,3.0,0.8765658815303308
118.907,99.081,0.2,3.598325538234881,3.0,0.9175120853589438
121.343,99.157,0.2,2.703951666451042,3.0,0.8943738717838752
123.781,99.195,0.2,1.7869734175214056,3.0,0.9169782489296701
126.219,99.195,0.2,0.8929710147736338,3.0,0.8940024027477469
128.657,99.157,0.2,0.0,3.0,0.8929710147735932
131.093,99.081,0.2,359.1070289852264,3.0,0.8929710147735932
133.528,98.966,0.2,358.21302658247856,3.0,0.8940024027478444
135.961,98.813,0.2,357.296048333549,3.0,0.9169782489295244
138.392,98.621,0.2,356.4016744617652,3.0,0.8943738717837277
140.818,98.392,0.2,355.48416237640606,3.0,0.9175120853591352
143.242,98.125,0.2,354.6075964948758,3.0,0.8765658815302686
145.661,97.82,0.2,353.71429410325374,3.0,0.8933023916220577
148.075,97.477,0.2,352.81377334881245,3.0,0.9005207544412315
150.482,97.095,0.2,351.913099605853,3.0,0.9006737429594409
152.884,96.677,0.2,350.9821517847754,3.0,0.9309478210775524
155.279,96.22,0.2,350.12815323338356,3.0,0.8539985513918396
157.666,95.727,0.2,349.19701502277,3.0,0.9311382106134829
160.022,95.2,0.2,348.33047530483344,3.0,0.8665397179366323
174.8,95.2,0.2,347.3913932066337,3.0,0.9390820981997763
174.8,114.8,0.2,0.0,3.0,-12.608606793366334
160.022,114.8,0.2,90.0,0.0,3.979039320256561e-13
157.666,114.273,0.2,180.0,1.0,-4.547473508864641e-13
157.471,114.233,0.2,192.6086067933663,1.0,-12.608606793366306
157.832,113.5,0.2,191.59217541028923,1.0,1.016431383077105
155.433,113.006,0.2,296.2200889662174,2.0,-14.62791355592799
153.026,112.545,0.2,191.63565563210832,1.0,14.584433334108866
150.612,112.126,0.2,190.84225964111727,1.0,0.79339599099103
148.192,111.741,0.2,189.84677446343971,1.0,0.9954851776775513
145.766,111.398,0.2,189.0394828033553,1.0,0.8072916600844167
143.334,111.09,0.2,188.0474245190261,1.0,0.9920582843292323
140.898,110.822,0.2,187.21778417637975,1.0,0.8296403426463428
138.46,110.592,0.2,186.27822805754386,1.0,0.939556118835867
136.016,110.398,0.2,185.3893117599735,1.0,0.8889162975703471
133.571,110.245,0.2,184.53851208503244,1.0,0.8507996749410154
131.124,110.129,0.2,183.5807111055297,1.0,0.9578009795026787
128.675,110.053,0.2,182.71407377345193,1.0,0.8666373320777154
126.225,110.015,0.2,181.77749374734583,1.0,0.9365800261060713
123.775,110.015,0.2,180.8885979822196,1.0,0.8888957651262217
121.325,110.053,0.2,180.0,1.0,0.8885979822196077
118.876,110.129,0.2,179.1114020177804,1.0,0.8885979822196077
116.429,110.245,0.2,178.2225062526542,1.0,0.8888957651261933
113.984,110.398,0.2,177.2859262265481,1.0,0.9365800261060713
111.54,110.592,0.2,176.41928889447033,1.0,0.8666373320777723
109.102,110.822,0.2,175.46148791496753,1.0,0.9578009795028208
106.666,111.09,0.2,174.61068824002652,1.0,0.850799674940987
104.234,111.398,0.2,173.72177194245612,1.0,0.8889162975704323
101.808,111.741,0.2,172.7822158236203,1.0,0.9395561188358386
99.388,112.126,0.2,171.9525754809738,1.0,0.8296403426464849
96.974,112.545,0.2,170.9605171966448,1.0,0.9920582843290049
94.567,113.006,0.2,170.15322553656026,1.0,0.8072916600845303
92.168,113.5,0.2,169.1577403588829,1.0,0.9954851776773808
89.894,114.01,0.2,168.36434436789162,1.0,0.7933959909912289
75.99,114.01,0.2,167.35919286450087,1.0,1.0051515033907208
75.99,95.99,0.2,180.0,1.0,-12.64080713549913
89.894,95.99,0.2,270.0,2.0,2.2737367544323206e-13
92.168,96.5,0.2,0.0,3.0,-2.2737367544323206e-13
94.567,96.994,0.2,12.640807135499141,3.0,-12.640807135499141
96.974,97.455,0.2,11.635655632108397,3.0,1.0051515033907332
99.388,97.874,0.2,10.842259641117124,3.0,0.7933959909912858
101.808,98.259,0.2,9.84677446343976,3.0,0.9954851776773932
104.234,98.602,0.2,9.039482803355233,3.0,0.8072916600844824
106.666,98.91,0.2,8.047424519026194,3.0,0.9920582843290191
109.102,99.178,0.2,7.217784176379708,3.0,0.8296403426465
111.54,99.408,0.2,6.278228057543885,3.0,0.9395561188358386
113.984,99.602,0.2,5.389311759973497,3.0,0.8889162975703595
116.429,99.755,0.2,4.5385120850324965,3.0,0.8507996749409559
118.876,99.871,0.2,3.580711105529696,3.0,0.9578009795027977
121.325,99.947,0.2,2.7140737734519003,3.0,0.8666373320777443
123.775,99.985,0.2,1.7774937473458123,3.0,0.9365800261060884
126.225,99.985,0.2,0.8885979822196461,3.0,0.8888957651261833
128.675,99.947,0.2,0.0,3.0,0.8885979822196077
131.124,99.871,0.2,359.11140201778034,3.0,0.8885979822196646
133.571,99.755,0.2,358.22250625265417,3.0,0.8888957651262217
136.016,99.602,0.2,357.2859262265481,3.0,0.9365800261060713
138.46,99.408,0.2,356.4192888944703,3.0,0.8666373320778007
140.898,99.178,0.2,355.46148791496756,3.0,0.9578009795027924
143.334,98.91,0.2,354.61068824002643,3.0,0.8507996749411859
145.766,98.602,0.2,353.7217719424561,3.0,0.8889162975703471
148.192,98.259,0.2,352.7822158236202,3.0,0.9395561188359238
150.612,97.874,0.2,351.95257548097385,3.0,0.8296403426463144
153.026,97.455,0.2,350.9605171966448,3.0,0.9920582843290049
155.433,96.994,0.2,350.15322553656034,3.0,0.8072916600844451
157.832,96.5,0.2,349.15774035888273,3.0,0.9954851776775513
160.106,95.99,0.2,348.36434436789165,3.0,0.7933959909910868
174.01,95.99,0.2,347.35919286450087,3.0,1.0051515033907208
174.01,114.01,0.2,0.0,3.0,-12.64080713549913
160.106,114.01,0.2,90.0,0.0,1.0800249583553523e-12
157.832,113.5,0.2,180.0,1.0,-1.1368683772161603e-12
173.829,96.33,0.2,192.6408071354991,1.0,-12.640807135499102
173.668,96.17,0.2,312.97449424374827,2.0,-30.33368710824891
173.103,96.17,0.2,224.82150905244555,1.0,-1.8470148086975087
173.829,96.896,0.2,180.0,1.0,44.82150905244555
173.829,97.461,0.2,45.0,3.0,-45.0
172.537,96.17,0.2,90.0,3.0,-45.0
171.971,96.17,0.2,224.97781812750645,0.0,-44.977818127505316
173.829,98.027,0.2,180.0,0.0,44.97781812750645
173.829,98.593,0.2,44.984577179507525,2.0,-44.98457717950845
171.406,96.17,0.2,90.0,3.0,44.98457717950737
170.84,96.17,0.2,225.0,0.0,-44.99999999999886
173.829,99.158,0.2,180.0,0.0,45.0
173.829,99.724,0.2,44.990413957005394,2.0,-44.9904139570063
170.274,96.17,0.2,90.0,3.0,44.9904139570051
169.709,96.17,0.2,224.99194038836188,0.0,-44.991940388360746
173.829,100.29,0.2,180.0,0.0,44.991940388361854
173.829,100.856,0.2,45.0,3.0,44.99999999999886
169.143,96.17,0.2,90.0,3.0,-45.0
168.577,96.17,0.2,224.9999999999999,0.0,-44.99999999999875
173.829,101.421,0.2,180.0,0.0,44.999999999999886
173.829,101.987,0.2,44.99454481773396,2.0,-44.99454481773489
168.012,96.17,0.2,90.0,3.0,44.994544817733754
167.446,96.17,0.2,224.99999999999991,0.0,-44.99999999999878
173.829,102.553,0.2,180.0,0.0,44.999999999999886
173.829,103.118,0.2,44.999999999999936,3.0,44.99999999999893
166.88,96.17,0.2,90.0,3.0,-45.000000000000114
166.315,96.17,0.2,224.99587711164892,0.0,-44.995877111647786
173.829,103.684,0.2,180.0,0.0,44.99587711164895
173.829,104.25,0.2,44.99999999999995,3.0,44.99999999999891
165.749,96.17,0.2,90.0,3.0,-45.0
165.183,96.17,0.2,224.99999999999997,0.0,-44.999999999998835
173.829,104.815,0.2,180.0,0.0,45.0
173.829,105.381,0.2,44.996686381386255,2.0,-44.99668638138718
164.617,96.17,0.2,90.0,3.0,44.9966863813861
164.052,96.17,0.2,224.99688998645942,0.0,-44.996889986458285
173.829,105.947,0.2,180.0,0.0,44.99688998645945
173.829,106.512,0.2,44.999999999999964,3.0,44.9999999999989
163.486,96.17,0.2,90.0,3.0,-45.0
162.92,96.17,0.2,224.9972300807605,0.0,-44.99723008075935
173.829,107.078,0.2,180.0,0.0,44.99723008076046
173.829,107.644,0.2,44.99737380118834,2.0,-44.99737380118927
162.355,96.17,0.2,90.0,3.0,44.99737380118813
161.789,96.17,0.2,224.99999999999997,0.0,-44.999999999998835
173.829,108.209,0.2,180.0,0.0,45.0
173.829,108.775,0.2,44.99762050834831,2.0,-44.9976205083492
161.223,96.17,0.2,90.0,3.0,44.997620508348064
160.658,96.17,0.2,224.9977273499868,0.0,-44.99772734998567
173.829,109.341,0.2,180.0,0.0,44.9977273499868
173.829,109.907,0.2,44.99999999999995,3.0,44.99999999999891
160.098,96.176,0.2,90.0,3.0,-45.0
159.637,96.28,0.2,225.0,0.0,-44.99999999999886
173.829,110.472,0.2,167.28708897375998,3.0,-32.287088973761115
173.829,111.038,0.2,44.99999999999997,2.0,32.287088973760234
159.174,96.383,0.2,90.0,3.0,44.99999999999977
158.712,96.487,0.2,225.0,0.0,-44.99999999999886
173.829,111.604,0.2,167.3137145943663,3.0,-32.31371459436744
173.829,112.169,0.2,44.99999999999997,2.0,32.31371459436653
158.251,96.591,0.2,90.0,3.0,44.99999999999977
157.787,96.693,0.2,225.0,0.0,-44.99999999999886
173.829,112.735,0.2,167.60200434555276,3.0,-32.602004345553894
173.829,113.301,0.2,45.0,2.0,32.60200434555304
157.318,96.79,0.2,90.0,3.0,44.99999999999977
156.849,96.886,0.2,225.0,0.0,-44.99999999999886
173.792,113.83,0.2,168.43187444590387,3.0,-33.43187444590501
173.227,113.83,0.2,45.001690789373384,2.0,33.430183656530716
156.38,96.983,0.2,180.0,3.0,-44.99830921062687
155.91,97.079,0.2,224.99999999999997,3.0,-44.99999999999997
172.661,113.83,0.2,168.45582606932737,2.0,-33.455826069327145
172.095,113.83,0.2,45.0,1.0,33.455826069327145
155.441,97.175,0.2,180.0,2.0,-44.99999999999977
154.966,97.266,0.2,225.0017201290791,3.0,44.99827987092067
171.529,113.83,0.2,169.15474330306807,2.0,-34.15302317398874
170.964,113.83,0.2,45.001729579481875,1.0,34.153013723585914
154.492,97.357,0.2,180.0,2.0,-44.99827042051788
154.017,97.448,0.2,225.00173913429944,3.0,44.99826086570033
170.398,113.83,0.2,169.15474330306972,2.0,-34.15300416877005
169.832,113.83,0.2,45.00174879527197,1.0,34.15299450779752
153.542,97.539,0.2,180.0,2.0,-44.99825120472781
153.068,97.63,0.2,225.00175856417837,3.0,44.9982414358214
169.267,113.83,0.2,169.13240729940446,2.0,-34.13064873522592
168.701,113.83,0.2,45.001768442837616,1.0,34.13063885656662
152.585,97.714,0.2,180.0,2.0,-44.99823155716217
152.103,97.797,0.2,225.00000000000003,3.0,44.999999999999744
168.135,113.83,0.2,170.22953539409784,2.0,-35.22953539409761
167.57,113.83,0.2,45.00178686354267,1.0,35.22774853055497
151.621,97.881,0.2,180.0,2.0,-44.99821313645714
151.139,97.965,0.2,225.00000000000003,3.0,44.999999999999744
167.004,113.83,0.2,170.11412799749633,2.0,-35.1141279974961
166.438,113.83,0.2,45.00000000000003,1.0,35.11412799749607
150.657,98.048,0.2,180.0,2.0,-44.99999999999977
150.169,98.126,0.2,225.00181528306865,3.0,44.99818471693112
165.873,113.83,0.2,170.9188816116302,2.0,-35.917066328561276
165.307,113.83,0.2,45.00000000000003,1.0,35.918881611629985
149.681,98.204,0.2,180.0,2.0,-44.99999999999977
149.193,98.282,0.2,225.00000000000006,3.0,44.999999999999716
164.741,113.83,0.2,170.9188816116302,2.0,-35.918881611629985
164.176,113.83,0.2,45.0,1.0,35.91888161163001
148.705,98.359,0.2,180.0,2.0,-44.99999999999977
148.218,98.437,0.2,225.00000000000006,3.0,44.999999999999716
163.61,113.83,0.2,170.90054621059073,2.0,-35.900546210590505
163.044,113.83,0.2,45.00186115898949,1.0,35.898685051601014
147.722,98.507,0.2,180.0,2.0,-44.998138841010245
147.226,98.577,0.2,225.00186966159217,3.0,44.998130338407606
162.478,113.83,0.2,171.96695420944158,2.0,-36.96508454784916
161.913,113.83,0.2,45.00187824223872,1.0,36.965075967202665
146.731,98.647,0.2,180.0,2.0,-44.998121757761055
146.235,98.717,0.2,225.0018869020086,3.0,44.998113097991165
161.347,113.83,0.2,171.9669542094411,2.0,-36.96506730743221
160.781,113.83,0.2,45.00189564200141,1.0,36.96505856743952
145.738,98.787,0.2,180.0,2.0,-44.998104357998386
145.236,98.85,0.2,224.99999999999997,3.0,44.9999999999998
160.216,113.83,0.2,172.846890601371,2.0,-37.846890601370774
159.512,113.692,0.2,44.99999999999997,1.0,37.8468906013708
144.734,98.914,0.2,191.09064953341962,3.0,33.90935046658038
144.232,98.977,0.2,225.0,3.0,-33.90935046658035
158.783,113.528,0.2,172.8468906013694,2.0,-37.84689060136918
158.054,113.365,0.2,45.00000000000003,1.0,37.846890601369154
143.73,99.041,0.2,192.60368236024553,3.0,32.39631763975447
143.226,99.103,0.2,224.99999999999997,3.0,-32.396317639754415
157.338,113.214,0.2,172.98694399616275,2.0,-37.98694399616252
156.626,113.068,0.2,44.99796989053295,1.0,37.988974105629545
142.717,99.159,0.2,191.58821523753613,3.0,33.40975465299687
142.207,99.215,0.2,225.0,3.0,-33.41178476246387
155.914,112.922,0.2,173.73380190152128,2.0,-38.73380190152105
155.206,112.779,0.2,45.0,1.0,38.73380190152102
141.697,99.271,0.2,191.4188301046621,3.0,33.581169895337894
141.188,99.327,0.2,224.99787926936796,3.0,-33.57904916470585
154.506,112.645,0.2,173.721589316531,2.0,-38.72371004716277
153.806,112.511,0.2,44.999999999999964,1.0,38.72158931653079
140.675,99.38,0.2,190.83694558923676,3.0,34.16305441076324
140.158,99.429,0.2,225.0,3.0,-34.163054410763266
153.106,112.376,0.2,174.58581848270222,2.0,-39.585818482701995
152.421,112.257,0.2,44.99778738059529,1.0,39.58803110210676
139.641,99.477,0.2,189.85521687860387,3.0,35.14257050199137
139.124,99.526,0.2,225.0,3.0,-35.14478312139613
151.736,112.138,0.2,174.58581848270347,2.0,-39.585818482703246
151.052,112.019,0.2,45.00000000000003,1.0,39.58581848270316
138.607,99.575,0.2,189.8693419738988,3.0,35.1306580261012
138.085,99.618,0.2,224.99769794770856,3.0,-35.12835597380973
150.372,111.906,0.2,175.29086513872937,2.0,-40.29316719102064
149.7,111.799,0.2,45.00233146610302,1.0,40.28853367262612
137.561,99.66,0.2,189.0470423612504,3.0,35.955289104852596
137.037,99.702,0.2,225.00000000000006,3.0,-35.95295763874964
149.026,111.691,0.2,175.41738702604047,2.0,-40.417387026040245
148.353,111.584,0.2,45.0,1.0,40.417387026040274
136.513,99.743,0.2,189.033821351559,3.0,35.966178648441
135.988,99.784,0.2,225.00241948310793,3.0,-35.9685981315489
147.692,111.488,0.2,175.53453582929131,2.0,-40.53211634618316
147.033,111.395,0.2,44.999999999999964,1.0,40.53453582929118
135.456,99.818,0.2,188.03270205781772,3.0,36.967297942182284
134.923,99.851,0.2,225.0,3.0,-36.96729794218231
146.375,111.302,0.2,176.45712887286976,2.0,-41.45712887286953
145.717,111.21,0.2,44.99749832862612,1.0,41.45963054424347
134.391,99.884,0.2,187.95936192444984,3.0,37.03813640417624
133.858,99.917,0.2,224.99999999999991,3.0,-37.040638075550106
145.069,111.128,0.2,176.45712887286976,2.0,-41.457128872869646
144.421,111.046,0.2,45.000000000000036,1.0,41.45712887286955
133.322,99.947,0.2,187.21205886380497,3.0,37.78794113619503
132.782,99.972,0.2,225.00000000000003,3.0,-37.78794113619509
143.773,110.964,0.2,177.34931031657908,2.0,-42.34931031657885
143.13,110.886,0.2,45.002606367623834,1.0,42.34670394895496
132.243,99.999,0.2,186.9165492851434,3.0,38.08605708248041
131.702,100.024,0.2,225.0,3.0,-38.08345071485655
142.494,110.816,0.2,177.35420295908725,2.0,-42.35420295908702
141.859,110.746,0.2,45.0,1.0,42.35420295908705
131.162,100.049,0.2,186.29067077335577,3.0,38.70932922664423
130.614,100.067,0.2,224.99999999999997,3.0,-38.70932922664426
141.224,110.677,0.2,178.11869822929717,2.0,-43.11869822929694
140.594,110.612,0.2,45.00000000000007,1.0,43.11869822929684
130.065,100.084,0.2,185.8906264162052,3.0,39.109373583794905
129.517,100.101,0.2,224.99727901507953,3.0,-39.10665259887429
139.969,110.554,0.2,178.22314602675038,2.0,-43.22586701167057
139.345,110.495,0.2,45.002740769168604,1.0,43.2204052575815
128.968,100.118,0.2,185.40133173332137,3.0,39.60140903584718
128.415,100.131,0.2,225.0,3.0,-39.5986682666786
138.72,110.435,0.2,178.65333097540895,2.0,-43.65333097540872
138.102,110.383,0.2,44.99721986610373,1.0,43.656111109304994
127.859,100.14,0.2,184.80967471203243,3.0,40.18754515407127
127.301,100.148,0.2,224.99999999999997,3.0,-40.19032528796751
137.487,110.334,0.2,179.17861140738816,2.0,-44.17861140738793
136.872,110.285,0.2,45.00000000000005,1.0,44.17861140738791
126.744,100.157,0.2,184.55540649950646,3.0,40.44459350049354
126.186,100.165,0.2,224.99999999999997,3.0,-40.44459350049348
136.258,110.236,0.2,179.17861140738668,2.0,-44.178611407386455
135.649,110.194,0.2,44.99715554885239,1.0,44.18145585853409
125.621,100.165,0.2,183.94518622903766,3.0,41.051969319814674
125.055,100.165,0.2,225.0028566475278,3.0,-41.057670418490176
135.046,110.156,0.2,180.0,2.0,-44.997143352471994
134.443,110.119,0.2,45.00000000000005,0.0,-44.99999999999914
124.489,100.165,0.2,183.5112591758615,2.0,41.48874082413758
123.923,100.165,0.2,224.99999999999997,2.0,-41.48874082413849
133.84,110.081,0.2,180.0,2.0,45.0
133.242,110.049,0.2,44.99711108861671,0.0,-44.9971110886158
123.351,100.158,0.2,183.06307341325953,2.0,41.93403767535631
122.777,100.149,0.2,225.00000000000003,2.0,-41.9369265867405
132.648,110.02,0.2,180.89829227216273,2.0,44.101707727837265
132.054,109.992,0.2,45.0,0.0,-44.101707727836356
122.202,100.141,0.2,182.69881342146226,2.0,42.30118657853683
121.628,100.131,0.2,224.9970920276372,2.0,-42.298278606174875
131.46,109.964,0.2,180.9980833434082,2.0,43.99900868422901
130.87,109.94,0.2,45.00291359163302,0.0,-44.0048302482239
121.049,100.119,0.2,182.32939153090388,2.0,42.67352206072826
120.465,100.1,0.2,225.0,2.0,-42.67060846909612
130.287,109.922,0.2,181.8634177421468,2.0,43.136582257853206
129.703,109.904,0.2,45.0,0.0,-43.1365822578523
119.881,100.082,0.2,181.76540690846213,2.0,43.234593091536965
119.297,100.064,0.2,225.0,2.0,-43.23459309153782
129.119,109.886,0.2,181.76540690846213,2.0,43.234593091537874
128.537,109.87,0.2,45.0,0.0,-43.23459309153691
118.711,100.043,0.2,181.57474506575232,2.0,43.425254934246766
118.117,100.015,0.2,225.002915370654,2.0,-43.42817030490173
127.963,109.861,0.2,182.69881342146363,2.0,42.3041019491904
127.388,109.852,0.2,45.00000000000005,0.0,-42.30118657853546
117.523,99.987,0.2,180.89673028005814,2.0,44.103269719940954
116.93,99.959,0.2,225.0,2.0,-44.10326971994186
126.813,109.843,0.2,182.70335779446316,2.0,42.29664220553684
126.239,109.834,0.2,45.00289855716419,0.0,-42.29954076270012
116.335,99.93,0.2,180.89829227216273,2.0,44.1046062850005
115.732,99.892,0.2,224.99999999999997,2.0,-44.10170772783724
125.674,109.834,0.2,183.60591096720566,2.0,41.39408903279434
125.108,109.834,0.2,45.0,0.0,-41.39408903279343
115.128,99.854,0.2,180.0,2.0,44.99999999999909
114.525,99.817,0.2,225.0,3.0,44.99999999999932
124.542,109.834,0.2,183.51125917586143,3.0,41.488740824138574
123.977,109.834,0.2,45.00000000000005,1.0,-41.488740824138226
113.92,99.778,0.2,180.0,3.0,44.999999999999545
113.305,99.728,0.2,224.99715130614698,3.0,-44.997151306146975
123.417,109.84,0.2,184.6479706913881,3.0,40.349180614758865
122.859,109.849,0.2,45.00000000000005,1.0,-40.35202930861151
112.69,99.68,0.2,179.07595464722726,2.0,-44.075954647227036
112.076,99.631,0.2,225.0,3.0,44.07595464722658
122.302,109.857,0.2,184.56279442559418,3.0,40.43720557440582
121.745,109.866,0.2,44.999999999999964,1.0,-40.43720557440539
111.46,99.581,0.2,179.07429596733562,2.0,-44.07429596733539
110.836,99.522,0.2,224.99999999999997,3.0,44.07429596733496
121.19,109.876,0.2,185.40133173332137,3.0,39.59866826667863
120.641,109.893,0.2,45.0,1.0,-39.598668266678146
110.211,99.463,0.2,178.22638048585986,2.0,-43.226380485859636
109.586,99.404,0.2,225.0,3.0,43.22638048585918
120.092,109.91,0.2,185.39274059177717,3.0,39.60725940822283
119.544,109.927,0.2,45.0,1.0,-39.607259408222376
108.96,99.343,0.2,178.2231460267489,2.0,-43.22314602674868
108.325,99.274,0.2,225.0,3.0,43.22314602674828
118.995,109.944,0.2,186.20150928624665,3.0,38.79849071375335
118.453,109.967,0.2,45.0,1.0,-38.798490713752926
107.689,99.204,0.2,177.57008715043744,2.0,-42.57008715043722
107.053,99.134,0.2,224.99733842247076,3.0,42.57274872796597
117.913,109.993,0.2,186.2808588922342,3.0,38.71647953023657
117.373,110.019,0.2,44.997361951311156,1.0,-38.71650305907654
106.413,99.06,0.2,177.24344312846233,2.0,-42.24608117715093
105.766,98.977,0.2,224.99738602219657,3.0,42.246057106265084
116.833,110.045,0.2,187.31022738884704,3.0,37.687158633349526
116.295,110.072,0.2,45.00258846982039,1.0,-37.69236108097292
105.118,98.895,0.2,177.12697165738555,2.0,-42.12438318756497
104.47,98.813,0.2,225.0,3.0,42.12697165738484
115.762,110.105,0.2,187.21205886380497,3.0,37.78794113619503
115.23,110.138,0.2,45.0,1.0,-37.787941136194604
103.816,98.724,0.2,176.45048635072658,2.0,-41.45048635072635
103.156,98.631,0.2,225.0,3.0,41.450486350725896
114.697,110.172,0.2,188.0206897955287,3.0,36.97931020447129
114.165,110.205,0.2,45.0,1.0,-36.979310204470835
102.498,98.538,0.2,176.45048635072658,2.0,-41.45048635072635
101.839,98.445,0.2,225.0,3.0,41.450486350725896
113.638,110.244,0.2,188.03270205781791,3.0,36.967297942182086
113.114,110.286,0.2,45.0,1.0,-36.96729794218163
101.167,98.339,0.2,175.41738702604047,2.0,-40.417387026040245
100.495,98.232,0.2,225.0,3.0,40.41738702603982
112.59,110.327,0.2,189.04704236125073,3.0,35.95295763874927
112.066,110.369,0.2,45.0,1.0,-35.952957638748785
99.822,98.125,0.2,175.41738702604047,2.0,-40.417387026040245
99.145,98.014,0.2,225.0,3.0,40.41738702603982
111.541,110.41,0.2,189.31129126748286,3.0,35.68870873251714
111.024,110.459,0.2,45.0,1.0,-35.688708732516716
98.461,97.895,0.2,174.5858184827019,2.0,-39.58581848270168
97.776,97.776,0.2,225.00228024752192,3.0,39.58353823517933
110.508,110.508,0.2,189.85521687860387,3.0,35.147063368918
109.991,110.556,0.2,45.0,1.0,-35.144783121395676
97.091,97.657,0.2,174.6956752244769,2.0,-39.69567522447667
96.394,97.526,0.2,224.99777914727377,3.0,39.697896077202415
109.474,110.605,0.2,190.64446938439735,3.0,34.35330976287648
108.958,110.655,0.2,44.99780971063554,1.0,-34.35334032623776
95.695,97.392,0.2,174.46536263798623,2.0,-39.467552927350425
94.995,97.258,0.2,225.0,3.0,39.46536263798555
108.448,110.711,0.2,190.83694558923676,3.0,34.16305441076324
107.939,110.767,0.2,45.00000000000003,1.0,-34.16305441076284
94.291,97.12,0.2,173.72158931653084,2.0,-38.72158931653061
93.579,96.974,0.2,224.99790086904238,3.0,38.7236884474878
107.429,110.823,0.2,191.5882152375359,3.0,33.40968563150648
106.92,110.88,0.2,44.99793148563164,1.0,-33.40971624809528
92.867,96.827,0.2,173.61039405373845,2.0,-38.612462568106594
92.155,96.681,0.2,225.0,3.0,38.610394053737764
106.413,110.939,0.2,191.5882152375359,3.0,33.411784762464094
105.911,111.003,0.2,45.0,1.0,-33.41178476246364
91.426,96.517,0.2,172.73455310016,2.0,-37.734553100159786
90.697,96.353,0.2,225.00197769422837,3.0,37.73257540593099
105.409,111.066,0.2,192.67851328097345,3.0,32.3234644132549
104.907,111.13,0.2,45.00194718027158,1.0,-32.323433899297676
89.967,96.189,0.2,172.73455310016183,2.0,-37.732605919890005
89.381,96.169,0.2,225.00191746526195,3.0,37.732635634899225
104.405,111.193,0.2,181.95472861163228,3.0,43.04718885362968
103.907,111.261,0.2,45.0,1.0,-43.04527138836727
88.815,96.169,0.2,172.2245659208403,2.0,-37.224565920840064
88.249,96.169,0.2,225.0,3.0,37.22456592083961
103.411,111.331,0.2,180.0,2.0,-44.99999999999932
102.915,111.401,0.2,45.0,0.0,-44.99999999999909
87.684,96.169,0.2,171.96695420944133,1.0,-36.96695420944246
87.118,96.169,0.2,225.00188083181212,2.0,36.965073377629494
102.42,111.471,0.2,180.0,1.0,-44.99811916818817
101.924,111.541,0.2,45.0,3.0,-45.000000000000455
86.552,96.169,0.2,171.96695420944133,0.0,-36.966954209439734
85.987,96.169,0.2,225.0,1.0,36.966954209440246
101.434,111.616,0.2,180.0,0.0,-44.99999999999886
100.946,111.694,0.2,45.0,3.0,44.99999999999841
85.421,96.169,0.2,170.9188816116302,0.0,-35.91888161162862
84.855,96.169,0.2,225.00000000000003,1.0,35.918881611629075
100.458,111.772,0.2,180.0,0.0,-44.99999999999886
99.97,111.85,0.2,45.00000000000003,3.0,44.99999999999838
84.289,96.169,0.2,170.91888161163183,0.0,-35.91888161163024
83.724,96.169,0.2,225.0,1.0,35.918881611630695
99.482,111.927,0.2,180.0,0.0,-44.99999999999886
98.999,112.009,0.2,45.00000000000003,3.0,44.99999999999838
83.158,96.169,0.2,170.36463737324848,0.0,-35.36463737324689
82.592,96.169,0.2,224.99819147818903,1.0,35.36644589505829
98.516,112.093,0.2,180.0,1.0,44.99819147818903
98.034,112.176,0.2,45.0,3.0,-45.00000000000023
82.027,96.169,0.2,170.22953539409784,0.0,-35.22953539409647
81.461,96.169,0.2,225.0,1.0,35.22953539409673
97.553,112.26,0.2,180.0,0.0,-44.99999999999886
97.07,112.344,0.2,44.99821968804977,2.0,-44.99821968805065
80.895,96.169,0.2,170.13419305691698,3.0,-35.13597336886781
80.33,96.169,0.2,225.0,0.0,35.134193056918434
96.594,112.433,0.2,180.0,0.0,45.0
96.119,112.524,0.2,45.00000000000003,3.0,44.99999999999861
79.764,96.169,0.2,169.15474330306972,0.0,-34.15474330306836
79.198,96.169,0.2,225.0,1.0,34.15474330306881
95.644,112.615,0.2,180.0,0.0,-44.99999999999909
95.17,112.706,0.2,44.99999999999997,3.0,44.999999999998664
78.633,96.169,0.2,169.13240729940313,0.0,-34.13240729940176
78.067,96.169,0.2,225.0,1.0,34.13240729940219
94.695,112.797,0.2,180.0,0.0,-44.99999999999909
94.224,112.891,0.2,45.0,3.0,44.999999999998636
77.501,96.169,0.2,168.71346310634962,0.0,-33.71346310634826
76.936,96.169,0.2,224.99828686561534,1.0,33.7151762407334
93.755,112.988,0.2,180.0,1.0,44.99828686561534
93.285,113.084,0.2,45.00000000000003,3.0,-45.000000000000455
76.37,96.169,0.2,168.4558260693257,0.0,-33.45582606932433
76.169,96.534,0.2,225.00000000000003,1.0,33.45582606932473
92.816,113.181,0.2,118.84091453691451,0.0,16.1590854630864
92.347,113.277,0.2,44.99999999999997,3.0,-16.15908546308671
76.169,97.099,0.2,168.43187444590183,0.0,-33.431874445900576
76.169,97.665,0.2,225.0,1.0,33.43187444590092
91.882,113.378,0.2,90.0,3.0,-45.000000000000455
91.42,113.482,0.2,44.99999999999997,2.0,-44.99999999999952
76.169,98.231,0.2,167.31371459436593,3.0,-32.31371459436639
76.169,98.796,0.2,225.0,0.0,32.3137145943673
90.957,113.585,0.2,90.0,3.0,44.999999999998636
90.496,113.689,0.2,45.001937173462174,3.0,44.998062826537826
76.169,99.362,0.2,167.2870889737596,0.0,-32.28515180029612
76.169,99.928,0.2,225.0,1.0,32.28708897375873
90.034,113.793,0.2,90.0,3.0,-45.000000000000455
89.504,113.829,0.2,45.0,2.0,-44.999999999999545
76.169,100.494,0.2,176.11417992458053,3.0,-41.11417992458098
76.169,101.059,0.2,224.99999999999997,0.0,41.11417992458192
88.939,113.829,0.2,90.0,3.0,44.999999999998636
88.373,113.829,0.2,45.0,2.0,-44.999999999999545
76.169,101.625,0.2,180.0,3.0,-45.000000000000455
76.169,102.191,0.2,224.99999999999997,3.0,-44.99999999999997
87.807,113.829,0.2,90.0,1.0,-44.999999999999545
87.242,113.829,0.2,44.999999999999964,0.0,-44.999999999999055
76.169,102.756,0.2,180.0,2.0,44.99999999999909
76.169,103.322,0.2,224.99999999999997,3.0,44.999999999999574
86.676,113.829,0.2,90.0,1.0,-44.999999999999545
86.11,113.829,0.2,44.999999999999964,0.0,-44.999999999999055
76.169,103.888,0.2,180.0,2.0,44.99999999999909
76.169,104.453,0.2,224.99999999999997,3.0,44.999999999999574
85.545,113.829,0.2,90.0,1.0,-44.999999999999545
84.979,113.829,0.2,44.99999999999996,0.0,-44.99999999999905
76.169,105.019,0.2,180.0,2.0,44.99999999999909
76.169,105.585,0.2,224.99999999999997,3.0,44.999999999999574
84.413,113.829,0.2,90.0,1.0,-44.999999999999545
83.848,113.829,0.2,45.0,0.0,-44.99999999999909
76.169,106.15,0.2,180.0,2.0,44.99999999999909
76.169,106.716,0.2,224.99999999999997,3.0,44.999999999999574
83.282,113.829,0.2,90.0,1.0,-44.999999999999545
82.716,113.829,0.2,45.0,0.0,-44.99999999999909
76.169,107.282,0.2,180.0,2.0,44.99999999999909
76.169,107.847,0.2,225.0,3.0,44.999999999999545
82.15,113.829,0.2,90.0,1.0,-44.999999999999545
81.585,113.829,0.2,45.004789415646506,1.0,44.995210584353494
76.169,108.413,0.2,180.0,2.0,-44.99521058435357
76.169,108.979,0.2,225.0,3.0,44.999999999999545
81.019,113.829,0.2,90.0,1.0,-44.999999999999545
80.453,113.829,0.2,44.99999999999992,0.0,-44.99999999999901
76.169,109.544,0.2,180.0,2.0,44.99999999999909
76.169,110.11,0.2,225.00668640206,3.0,44.99331359793953
79.888,113.829,0.2,90.0,1.0,-44.993313597939505
79.322,113.829,0.2,44.99999999999989,0.0,-44.999999999998984
76.169,110.676,0.2,180.0,2.0,44.99999999999909
76.169,111.242,0.2,224.9999999999999,3.0,44.99999999999966
78.756,113.829,0.2,90.0,1.0,-44.999999999999545
78.191,113.829,0.2,44.99999999999985,0.0,-44.99999999999894
76.169,111.807,0.2,180.0,2.0,44.99999999999886
76.169,112.373,0.2,224.99999999999977,2.0,-44.99999999999977
77.625,113.829,0.2,90.0,0.0,-44.99999999999932
77.059,113.829,0.2,44.99999999999972,0.0,45.00000000000028
76.169,112.939,0.2,180.0,2.0,44.99999999999886
76.169,113.504,0.2,225.0,3.0,44.999999999999545
76.494,113.829,0.2,90.0,1.0,-44.999999999999545
76.494,113.829,0.4,44.99999999999874,0.0,-44.99999999999783
114.009,110.749,0.4,0.0,0.0,44.999999999998636
118.89,110.48,0.4,355.3065148237192,0.0,4.693485176280774
126.222,110.365,0.4,356.845525733111,0.0,-1.5390109093917772
131.11,110.48,0.4,359.10140829172667,0.0,-2.2558825586155535
138.43,110.941,0.4,1.3477494538786376,0.0,-2.2463411621518503
145.719,111.745,0.4,3.603622486257941,0.0,-2.2558730323793634
149.634,112.332,0.4,6.294462122095614,0.0,-2.6908396358375954
157.771,113.785,0.4,8.527187352154648,0.0,-2.2327252300590104
157.75,113.882,0.4,10.124427948312318,0.0,-1.5972405961576488
155.357,113.388,0.4,102.21571913412227,1.0,-2.0912911858108174
152.956,112.929,0.4,191.66403142686053,2.0,0.5516877072617774
150.548,112.51,0.4,190.82267266870122,2.0,0.841358758159231
148.134,112.127,0.4,189.87082760373687,2.0,0.9518450649643455
145.714,111.784,0.4,189.01528006406184,2.0,0.8555475396750296
143.289,111.478,0.4,188.0671144832888,2.0,0.9481655807731215
140.859,111.21,0.4,187.19188950075457,2.0,0.8752249825342631
138.427,110.98,0.4,186.2936056132889,2.0,0.8982838874656522
135.989,110.788,0.4,185.40252918576786,2.0,0.8910764275210852
133.55,110.635,0.4,184.50292512375538,2.0,0.8996040620125143
131.109,110.519,0.4,183.58949674083797,2.0,0.9134283829174308
128.666,110.443,0.4,182.72073497941216,2.0,0.8687617614259011
126.222,110.405,0.4,181.78185645537482,2.0,0.9388785240372783
123.778,110.405,0.4,180.89077913191443,2.0,0.8910773234603084
121.334,110.443,0.4,180.0,2.0,0.8907791319143143
118.891,110.519,0.4,179.10922086808554,2.0,0.8907791319144565
116.45,110.635,0.4,178.21814354462515,2.0,0.8910773234603084
114.011,110.788,0.4,177.27926502058781,2.0,0.9388785240372215
111.573,110.98,0.4,176.41050325916203,2.0,0.8687617614258727
109.141,111.21,0.4,175.49707487624468,2.0,0.9134283829172603
106.711,111.478,0.4,174.59747081423208,2.0,0.8996040620125143
104.286,111.784,0.4,173.70639438671117,2.0,0.8910764275209431
101.866,112.127,0.4,172.8081104992454,2.0,0.8982838874656522
99.452,112.51,0.4,171.93288551671128,2.0,0.8752249825341778
97.044,112.929,0.4,170.9847199359381,2.0,0.948165580773292
94.643,113.388,0.4,170.12917239626321,2.0,0.8555475396748591
92.25,113.882,0.4,169.17732733129873,2.0,0.9518450649644024
89.936,114.4,0.4,168.33596857313947,2.0,0.8413587581593163
75.6,114.4,0.4,167.38208539610534,2.0,0.9538831770342142
75.6,95.6,0.4,180.0,2.0,-12.617914603894633
89.936,95.6,0.4,270.0,3.0,-4.547473508864641e-13
92.25,96.118,0.4,0.0,0.0,1.3642420526593924e-12
94.643,96.612,0.4,12.617914603894647,0.0,-12.617914603894647
97.044,97.071,0.4,11.664031426860555,0.0,0.9538831770340774
99.452,97.49,0.4,10.822672668701282,0.0,0.8413587581591653
101.866,97.873,0.4,9.870827603736801,0.0,0.9518450649644148
104.286,98.216,0.4,9.01528006406189,0.0,0.8555475396749799
106.711,98.522,0.4,8.067114483288744,0.0,0.9481655807731819
109.141,98.79,0.4,7.1918895007546295,0.0,0.8752249825342036
111.573,99.02,0.4,6.2936056132888245,0.0,0.8982838874657171
114.011,99.212,0.4,5.402529185767927,0.0,0.8910764275207921
116.45,99.365,0.4,4.5029251237553645,0.0,0.899604062012525
118.891,99.481,0.4,3.5894967408379816,0.0,0.9134283829174219
121.334,99.557,0.4,2.7207349794122013,0.0,0.8687617614258567
123.778,99.595,0.4,1.7818564553748524,0.0,0.9388785240372477
126.222,99.595,0.4,0.8907791319144442,0.0,0.8910773234605196
128.666,99.557,0.4,0.0,0.0,0.8907791319145417
131.109,99.481,0.4,359.1092208680856,0.0,0.890779131914428
133.55,99.365,0.4,358.21814354462515,0.0,0.8910773234605358
135.989,99.212,0.4,357.2792650205878,0.0,0.9388785240372499
138.427,99.02,0.4,356.41050325916194,0.0,0.868761761425958
140.859,98.79,0.4,355.49707487624465,0.0,0.9134283829172887
143.289,98.522,0.4,354.5974708142321,0.0,0.8996040620124859
145.714,98.216,0.4,353.70639438671105,0.0,0.8910764275210568
148.134,97.873,0.4,352.80811049924546,0.0,0.8982838874655954
150.548,97.49,0.4,351.93288551671117,0.0,0.8752249825342915
152.956,97.071,0.4,350.9847199359382,0.0,0.9481655807729794
155.357,96.612,0.4,350.1291723962632,0.0,0.8555475396751149
157.75,96.118,0.4,349.1773273312988,0.0,0.9518450649643455
160.064,95.6,0.4,348.33596857313944,0.0,0.8413587581593447
174.4,95.6,0.4,347.38208539610537,0.0,0.9538831770339584
174.4,114.4,0.4,0.0,0.0,-12.617914603894633
160.064,114.4,0.4,90.0,1.0,-9.094947017729282e-13
157.75,113.882,0.4,180.0,2.0,0.0
157.666,114.273,0.4,192.61791460389466,2.0,-12.617914603894661
155.279,113.78,0.4,102.12477582008158,1.0,0.4931387838130519
152.884,113.323,0.4,191.66952469516653,2.0,0.4552511249150655
150.482,112.905,0.4,190.80298497722998,2.0,0.8665397179365186
148.075,112.523,0.4,189.87184676661644,2.0,0.9311382106134829
145.661,112.18,0.4,189.01784821522463,2.0,0.853998551391868
143.242,111.875,0.4,188.08690039414697,2.0,0.9309478210776376
140.818,111.608,0.4,187.18622665118752,2.0,0.9006737429595262
138.392,111.379,0.4,186.2857058967463,2.0,0.9005207544412599
135.961,111.187,0.4,185.39240350512418,2.0,0.893302391622143
133.528,111.034,0.4,184.51583762359388,2.0,0.8765658815302118
131.093,110.919,0.4,183.59832553823483,2.0,0.9175120853589931
128.657,110.843,0.4,182.70395166645105,2.0,0.8943738717837562
126.219,110.805,0.4,181.78697341752144,2.0,0.9169782489296381
123.781,110.805,0.4,180.89297101477362,2.0,0.8940024027478728
121.343,110.843,0.4,180.0,2.0,0.8929710147735932
118.907,110.919,0.4,179.10702898522635,2.0,0.89297101477365
116.472,111.034,0.4,178.21302658247862,2.0,0.8940024027477875
114.039,111.187,0.4,177.29604833354892,2.0,0.9169782489295812
111.608,111.379,0.4,176.4016744617651,2.0,0.894373871783813
109.182,111.608,0.4,175.48416237640612,2.0,0.9175120853590784
106.758,111.875,0.4,174.6075964948758,2.0,0.8765658815303823
104.339,112.18,0.4,173.71429410325376,2.0,0.893302391622143
101.925,112.523,0.4,172.8137733488124,2.0,0.9005207544412883
99.518,112.905,0.4,171.91309960585306,2.0,0.9006737429593841
97.116,113.323,0.4,170.98215178477528,2.0,0.930947821077666
94.721,113.78,0.4,170.12815323338364,2.0,0.8539985513917543
92.334,114.273,0.4,169.19701502277,2.0,0.9311382106137387
89.978,114.8,0.4,168.33047530483347,2.0,0.8665397179366039
75.2,114.8,0.4,167.39139320663378,2.0,0.9390820981997194
75.2,95.2,0.4,180.0,2.0,-12.608606793366107
89.978,95.2,0.4,270.0,3.0,-4.547473508864641e-13
92.334,95.727,0.4,0.0,0.0,1.3642420526593924e-12
94.721,96.22,0.4,12.608606793366215,0.0,-12.608606793366215
97.116,96.677,0.4,11.669524695166556,0.0,0.9390820981995507
99.518,97.095,0.4,10.802984977230029,0.0,0.8665397179364724
101.925,97.477,0.4,9.871846766616372,0.0,0.931138210613554
104.339,97.82,0.4,9.017848215224694,0.0,0.8539985513915784
106.758,98.125,0.4,8.086900394146921,0.0,0.930947821077682
109.182,98.392,0.4,7.186226651187604,0.0,0.9006737429592198
111.608,98.621,0.4,6.285705896746248,0.0,0.9005207544413052
114.039,98.813,0.4,5.392403505124225,0.0,0.8933023916220968
116.472,98.966,0.4,4.515837623593876,0.0,0.8765658815304445
118.907,99.081,0.4,3.598325538234881,0.0,0.9175120853589438
121.343,99.157,0.4,2.703951666451042,0.0,0.8943738717837615
123.781,99.195,0.4,1.7869734175214056,0.0,0.9169782489296701
126.219,99.195,0.4,0.8929710147736338,0.0,0.8940024027478606
128.657,99.157,0.4,0.0,0.0,0.8929710147735932
131.093,99.081,0.4,359.1070289852264,0.0,0.8929710147735932
133.528,98.966,0.4,358.21302658247856,0.0,0.8940024027478444
135.961,98.813,0.4,357.296048333549,0.0,0.9169782489295244
138.392,98.621,0.4,356.4016744617652,0.0,0.8943738717837277
140.818,98.392,0.4,355.48416237640606,0.0,0.9175120853591352
143.242,98.125,0.4,354.6075964948758,0.0,0.8765658815301549
145.661,97.82,0.4,353.71429410325374,0.0,0.8933023916221714
148.075,97.477,0.4,352.81377334881245,0.0,0.9005207544412315
150.482,97.095,0.4,351.913099605853,0.0,0.9006737429594409
152.884,96.677,0.4,350.9821517847754,0.0,0.9309478210775524
155.279,96.22,0.4,350.12815323338356,0.0,0.8539985513918396
157.666,95.727,0.4,349.19701502277,0.0,0.9311382106134829
160.022,95.2,0.4,348.33047530483344,0.0,0.8665397179366323
174.8,95.2,0.4,347.3913932066337,0.0,0.9390820981997763
174.8,114.8,0.4,0.0,0.0,-12.608606793366334
160.022,114.8,0.4,90.0,1.0,-9.094947017729282e-13
157.666,114.273,0.4,180.0,2.0,0.0
157.471,114.233,0.4,192.6086067933663,2.0,-12.608606793366306
157.832,113.5,0.4,191.59217541028923,2.0,1.016431383077105
155.433,113.006,0.4,296.2200889662174,3.0,-14.627913555928671
153.026,112.545,0.4,191.63565563210832,2.0,14.584433334109548
150.612,112.126,0.4,190.84225964111727,2.0,0.7933959909911437
148.192,111.741,0.4,189.84677446343971,2.0,0.995485177677665
145.766,111.398,0.4,189.0394828033553,2.0,0.8072916600844167
143.334,111.09,0.4,188.0474245190261,2.0,0.9920582843291186
140.898,110.822,0.4,187.21778417637975,2.0,0.8296403426464565
138.46,110.592,0.4,186.27822805754386,2.0,0.9395561188359807
136.016,110.398,0.4,185.3893117599735,2.0,0.8889162975703471
133.571,110.245,0.4,184.53851208503244,2.0,0.8507996749410154
131.124,110.129,0.4,183.5807111055297,2.0,0.9578009795026787
128.675,110.053,0.4,182.71407377345193,2.0,0.8666373320777154
126.225,110.015,0.4,181.77749374734583,2.0,0.9365800261060713
123.775,110.015,0.4,180.8885979822196,2.0,0.8888957651263354
121.325,110.053,0.4,180.0,2.0,0.8885979822196077
118.876,110.129,0.4,179.1114020177804,2.0,0.8885979822196077
116.429,110.245,0.4,178.2225062526542,2.0,0.8888957651261933
113.984,110.398,0.4,177.2859262265481,2.0,0.936580026106185
111.54,110.592,0.4,176.41928889447033,2.0,0.8666373320777723
109.102,110.822,0.4,175.46148791496753,2.0,0.9578009795028208
106.666,111.09,0.4,174.61068824002652,2.0,0.8507996749411006
104.234,111.398,0.4,173.72177194245612,2.0,0.8889162975704323
101.808,111.741,0.4,172.7822158236203,2.0,0.9395561188358386
99.388,112.126,0.4,171.9525754809738,2.0,0.8296403426465986
96.974,112.545,0.4,170.9605171966448,2.0,0.9920582843290049
94.567,113.006,0.4,170.15322553656026,2.0,0.8072916600845303
92.168,113.5,0.4,169.1577403588829,2.0,0.9954851776773808
89.894,114.01,0.4,168.36434436789162,2.0,0.7933959909912289
75.99,114.01,0.4,167.35919286450087,2.0,1.0051515033907208
75.99,95.99,0.4,180.0,2.0,-12.640807135499017
89.894,95.99,0.4,270.0,3.0,-4.547473508864641e-13
92.168,96.5,0.4,0.0,0.0,1.3642420526593924e-12
94.567,96.994,0.4,12.640807135499141,0.0,-12.640807135499141
96.974,97.455,0.4,11.635655632108397,0.0,1.005151503390847
99.388,97.874,0.4,10.842259641117124,0.0,0.7933959909912858
101.808,98.259,0.4,9.84677446343976,0.0,0.9954851776773932
104.234,98.602,0.4,9.039482803355233,0.0,0.8072916600844824
106.666,98.91,0.4,8.047424519026194,0.0,0.9920582843290191
109.102,99.178,0.4,7.217784176379708,0.0,0.8296403426465
111.54,99.408,0.4,6.278228057543885,0.0,0.9395561188357249
113.984,99.602,0.4,5.389311759973497,0.0,0.8889162975703595
116.429,99.755,0.4,4.5385120850324965,0.0,0.8507996749409559
118.876,99.871,0.4,3.580711105529696,0.0,0.9578009795029114
121.325,99.947,0.4,2.7140737734519003,0.0,0.8666373320777443
123.775,99.985,0.4,1.7774937473458123,0.0,0.9365800261060884
126.225,99.985,0.4,0.8885979822196461,0.0,0.8888957651260696
128.675,99.947,0.4,0.0,0.0,0.8885979822196077
131.124,99.871,0.4,359.11140201778034,0.0,0.8885979822196646
133.571,99.755,0.4,358.22250625265417,0.0,0.8888957651262217
136.016,99.602,0.4,357.2859262265481,0.0,0.9365800261059576
138.46,99.408,0.4,356.4192888944703,0.0,0.8666373320778007
140.898,99.178,0.4,355.46148791496756,0.0,0.9578009795027924
143.334,98.91,0.4,354.61068824002643,0.0,0.8507996749411859
145.766,98.602,0.4,353.7217719424561,0.0,0.8889162975702334
148.192,98.259,0.4,352.7822158236202,0.0,0.9395561188359238
150.612,97.874,0.4,351.95257548097385,0.0,0.8296403426463144
153.026,97.455,0.4,350.9605171966448,0.0,0.9920582843290049
155.433,96.994,0.4,350.15322553656034,0.0,0.8072916600844451
157.832,96.5,0.4,349.15774035888273,0.0,0.9954851776775513
160.106,95.99,0.4,348.36434436789165,0.0,0.7933959909909731
174.01,95.99,0.4,347.35919286450087,0.0,1.0051515033907208
174.01,114.01,0.4,0.0,0.0,-12.640807135499017
160.106,114.01,0.4,90.0,1.0,-9.094947017729282e-13
157.832,113.5,0.4,180.0,2.0,0.0
173.828,113.539,0.4,192.6408071354991,2.0,-12.640807135499102
173.538,113.83,0.4,0.13969310911384156,0.0,12.501114026386086
172.972,113.83,0.4,134.9013842978739,1.0,-44.76169118876106
173.828,112.973,0.4,180.0,2.0,44.90138429787385
173.828,112.408,0.4,314.9665523800322,3.0,-44.96655238003268
172.406,113.83,0.4,270.0,3.0,44.966552380032226
171.841,113.83,0.4,135.0,1.0,-44.999999999999545
173.828,111.842,0.4,180.0,1.0,-45.0
